epoch,timestamp,learning_rate,epoch_time_seconds,epoch_time_formatted,l2,phase,ipd,warp,warp_smooth,intermediate_l2,intermediate_phase,intermediate_ipd,accumulated_loss
1,2026-04-18 09:30:05,0.001,795.6831257343292,00:13:15,0.0005551096983253956,1.1820101737976074,0.983379065990448,0.0,0.0,0.0005373280728235841,1.2228937149047852,1.022627592086792,0.2437676191329956
2,2026-04-18 09:43:24,0.001,798.775413274765,00:13:18,0.00029664667090401053,1.0748049020767212,0.8618841767311096,0.0,0.0,0.00032314713462255895,1.1025182008743286,0.8974008560180664,0.21959149837493896
3,2026-04-18 09:56:43,0.001,799.4920344352722,00:13:19,0.00026708151563070714,1.0366052389144897,0.8406755924224854,0.0,0.0,0.00029889505822211504,1.0644677877426147,0.877141535282135,0.21180550754070282
4,2026-04-18 10:10:03,0.001,799.4692504405975,00:13:19,0.00025021444889716804,1.0110580921173096,0.8278867602348328,0.0,0.0,0.00028709706384688616,1.039802074432373,0.8644956946372986,0.20669792592525482
5,2026-04-18 10:23:22,0.001,799.5789239406586,00:13:19,0.0002369521971559152,0.9879781603813171,0.815420925617218,0.0,0.0,0.00028016234864480793,1.0193133354187012,0.8539978861808777,0.20228052139282227
6,2026-04-18 10:36:42,0.001,799.3978221416473,00:13:19,0.00022327581245917827,0.9723795652389526,0.8062037825584412,0.0,0.0,0.00027356130885891616,1.0054333209991455,0.8468735814094543,0.19927166402339935
7,2026-04-18 10:50:01,0.001,799.6491479873657,00:13:19,0.0002137744304491207,0.9603688716888428,0.7991653084754944,0.0,0.0,0.00027005907031707466,0.9947568774223328,0.8418242335319519,0.19696380198001862
8,2026-04-18 11:03:21,0.001,799.5136036872864,00:13:19,0.00020997777755837888,0.9495038390159607,0.7934003472328186,0.0,0.0,0.00026832183357328176,0.9855819344520569,0.8379095792770386,0.19494357705116272
9,2026-04-18 11:16:40,0.001,799.4338018894196,00:13:19,0.00020506701548583806,0.9397069811820984,0.7865215539932251,0.0,0.0,0.00026719074230641127,0.9770322442054749,0.8327111601829529,0.1930907964706421
10,2026-04-18 11:30:00,0.001,799.430507183075,00:13:19,0.00019972676818724722,0.9327360391616821,0.7831562757492065,0.0,0.0,0.00026558616082184017,0.9710437655448914,0.830352783203125,0.19177396595478058
11,2026-04-18 11:43:19,0.001,799.5544619560242,00:13:19,0.00019709554908331484,0.9271553754806519,0.7801520228385925,0.0,0.0,0.00026495143538340926,0.9658297300338745,0.8286225199699402,0.19068464636802673
12,2026-04-18 11:56:39,0.001,799.5815126895905,00:13:19,0.0001928695128299296,0.920884370803833,0.7751821875572205,0.0,0.0,0.0002637478173710406,0.9603574275970459,0.8249127864837646,0.18949399888515472
13,2026-04-18 12:09:59,0.001,799.6374623775482,00:13:19,0.00019003624038305134,0.9138063192367554,0.7721555233001709,0.0,0.0,0.00026211002841591835,0.9542635083198547,0.8225287199020386,0.1881631463766098
14,2026-04-18 12:23:18,0.001,799.5081028938293,00:13:19,0.0001891505380626768,0.9105793237686157,0.7703457474708557,0.0,0.0,0.0002616740530356765,0.9512528777122498,0.8213489055633545,0.18753552436828613
15,2026-04-18 12:36:38,0.001,799.5432505607605,00:13:19,0.00018637062748894095,0.9070433974266052,0.7680895328521729,0.0,0.0,0.0002618477155920118,0.9477266073226929,0.8195227384567261,0.18682155013084412
16,2026-04-18 12:49:57,0.001,799.5999422073364,00:13:19,0.0001848510146373883,0.9028998017311096,0.7656720876693726,0.0,0.0,0.00026059563970193267,0.9443969130516052,0.8179863691329956,0.18606607615947723
17,2026-04-18 13:03:17,0.001,799.5281324386597,00:13:19,0.00018496109987609088,0.8996214270591736,0.7640479207038879,0.0,0.0,0.00026099677779711783,0.9416639804840088,0.8169305920600891,0.18546628952026367
18,2026-04-18 13:16:37,0.001,799.6832993030548,00:13:19,0.00018167021335102618,0.8978792428970337,0.7624293565750122,0.0,0.0,0.0002591850934550166,0.9399741888046265,0.8158688545227051,0.18510805070400238
19,2026-04-18 13:29:56,0.001,799.5706987380981,00:13:19,0.0001793699193513021,0.8962036967277527,0.7611167430877686,0.0,0.0,0.00025833313702605665,0.9383352994918823,0.814821720123291,0.18476688861846924
20,2026-04-18 13:43:16,0.001,799.731767654419,00:13:19,0.000178383503225632,0.8919782042503357,0.7592571377754211,0.0,0.0,0.0002574986719992012,0.934764564037323,0.8136035203933716,0.183981791138649
21,2026-04-18 13:56:36,0.001,799.5648565292358,00:13:19,0.00017831366858445108,0.8914437294006348,0.7592502236366272,0.0,0.0,0.0002585716138128191,0.9343241453170776,0.8138209581375122,0.1838875561952591
22,2026-04-18 14:09:55,0.001,799.4652280807495,00:13:19,0.0001766589848557487,0.8892770409584045,0.7575607895851135,0.0,0.0,0.00025755795650184155,0.9321613311767578,0.8124434947967529,0.18344655632972717
23,2026-04-18 14:23:15,0.001,799.6247673034668,00:13:19,0.00017479831876698881,0.8874915838241577,0.7571958303451538,0.0,0.0,0.0002565750328358263,0.9304363131523132,0.8121981024742126,0.1830868422985077
24,2026-04-18 14:36:34,0.001,799.5109777450562,00:13:19,0.00017487534205429256,0.8867433071136475,0.7562799453735352,0.0,0.0,0.0002566853363532573,0.9297518134117126,0.8116080164909363,0.18294410407543182
25,2026-04-18 14:49:54,0.001,799.4634704589844,00:13:19,0.00017394049791619182,0.8834918141365051,0.7544295191764832,0.0,0.0,0.00025634278426878154,0.9271981120109558,0.8105080723762512,0.1823597103357315
26,2026-04-18 15:03:13,0.001,799.4313409328461,00:13:19,0.00017249578377231956,0.8811804056167603,0.7531628608703613,0.0,0.0,0.0002554521197453141,0.9251510500907898,0.8093737363815308,0.18191687762737274
27,2026-04-18 15:16:33,0.001,799.5156197547913,00:13:19,0.0001725633628666401,0.8809740543365479,0.7539054751396179,0.0,0.0,0.00025525977252982557,0.9249691963195801,0.8102442026138306,0.18187777698040009
28,2026-04-18 15:29:52,0.001,799.4179480075836,00:13:19,0.00017178231792058796,0.8799057602882385,0.7516966462135315,0.0,0.0,0.0002549194323364645,0.9239630103111267,0.8084372282028198,0.18166686594486237
29,2026-04-18 15:43:12,0.001,799.5314424037933,00:13:19,0.000170978280948475,0.8785910606384277,0.7517008185386658,0.0,0.0,0.00025508154067210853,0.9227475523948669,0.8086918592453003,0.1814122498035431
30,2026-04-18 15:56:31,0.001,799.4912304878235,00:13:19,0.00017167213081847876,0.8775629997253418,0.751386821269989,0.0,0.0,0.00025474297581240535,0.9222180247306824,0.8086649775505066,0.1812571883201599
31,2026-04-18 16:09:51,0.001,799.8906400203705,00:13:19,0.00016999655053950846,0.8762657642364502,0.7503519654273987,0.0,0.0,0.0002542071742936969,0.9207109212875366,0.8076608777046204,0.18097008764743805
32,2026-04-18 16:23:10,0.001,799.3788375854492,00:13:19,0.00016952163423411548,0.8745109438896179,0.7498719692230225,0.0,0.0,0.00025417469441890717,0.9191799163818359,0.8071752786636353,0.1806401163339615
33,2026-04-18 16:36:30,0.001,799.4981763362885,00:13:19,0.00016871678235474974,0.8740407228469849,0.7493019700050354,0.0,0.0,0.0002533514052629471,0.9188416004180908,0.807283341884613,0.18055430054664612
34,2026-04-18 16:49:49,0.001,799.4324705600739,00:13:19,0.00016943532682489604,0.8738248348236084,0.7482365369796753,0.0,0.0,0.0002539971610531211,0.9186651110649109,0.8064502477645874,0.18051910400390625
35,2026-04-18 17:03:09,0.001,799.4584028720856,00:13:19,0.00016839835734572262,0.8708738684654236,0.7480306029319763,0.0,0.0,0.0002536949177738279,0.916024923324585,0.8063026666641235,0.1799560934305191
36,2026-04-18 17:16:29,0.001,799.838784456253,00:13:19,0.00016749181668274105,0.8691800832748413,0.747286856174469,0.0,0.0,0.00025299619301222265,0.9144228100776672,0.8056551814079285,0.17962172627449036
37,2026-04-18 17:29:48,0.001,799.76367354393,00:13:19,0.00016809160297270864,0.8706269264221191,0.7471526265144348,0.0,0.0,0.00025358085986226797,0.9158435463905334,0.8055742979049683,0.17991219460964203
38,2026-04-18 17:43:08,0.001,799.4653117656708,00:13:19,0.0001676529209362343,0.8690392374992371,0.7467731833457947,0.0,0.0,0.0002531144127715379,0.9143767952919006,0.8053978085517883,0.1796036809682846
39,2026-04-18 17:56:27,0.001,799.4786579608917,00:13:19,0.0001673276856308803,0.8680590391159058,0.7468376159667969,0.0,0.0,0.0002530699421186,0.9136231541633606,0.8054808378219604,0.17942965030670166
40,2026-04-18 18:09:47,0.001,799.3247425556183,00:13:19,0.0001665275194682181,0.8683314919471741,0.7466696500778198,0.0,0.0,0.00025292750797234476,0.9136825799942017,0.805382490158081,0.1794598251581192
41,2026-04-18 18:23:06,0.001,799.4345335960388,00:13:19,0.0001657950779190287,0.8669913411140442,0.7459487318992615,0.0,0.0,0.00025216955691576004,0.9127383828163147,0.8048726320266724,0.1792268604040146
42,2026-04-18 18:36:26,0.001,799.4112894535065,00:13:19,0.00016586287529207766,0.8658866286277771,0.7449533939361572,0.0,0.0,0.00025211903266608715,0.9115056395530701,0.8041235208511353,0.17899304628372192
43,2026-04-18 18:49:45,0.001,799.4174203872681,00:13:19,0.00016455496370326728,0.864458441734314,0.7449983954429626,0.0,0.0,0.0002519546542316675,0.9102731347084045,0.8039512634277344,0.17872285842895508
44,2026-04-18 19:03:04,0.001,799.3623819351196,00:13:19,0.00016569306899327785,0.8637899160385132,0.7443748116493225,0.0,0.0,0.00025274304789491,0.9096750020980835,0.8035590052604675,0.17860174179077148
45,2026-04-18 19:16:24,0.001,799.4308149814606,00:13:19,0.0001645339943934232,0.8632952570915222,0.7442934513092041,0.0,0.0,0.0002519381232559681,0.9093363285064697,0.8036329746246338,0.17851263284683228
46,2026-04-18 19:29:43,0.001,799.5017175674438,00:13:19,0.00016357935965061188,0.8620811104774475,0.7438838481903076,0.0,0.0,0.00025150689180009067,0.9081097841262817,0.8033506274223328,0.1782640814781189
47,2026-04-18 19:43:03,0.001,799.3348214626312,00:13:19,0.00016422693443018943,0.8614107370376587,0.7432681918144226,0.0,0.0,0.0002520103589631617,0.9075797200202942,0.8029661774635315,0.17814789712429047
48,2026-04-18 19:56:22,0.001,799.3780510425568,00:13:19,0.0001630900806048885,0.8600252866744995,0.7423368096351624,0.0,0.0,0.00025139396893791854,0.906050980091095,0.8018486499786377,0.17785070836544037
49,2026-04-18 20:09:41,0.001,799.2925717830658,00:13:19,0.00016317628615070134,0.8611919283866882,0.7427663207054138,0.0,0.0,0.0002514688530936837,0.9071741700172424,0.8023715019226074,0.1780805140733719
50,2026-04-18 20:23:01,0.001,799.4181926250458,00:13:19,0.0001639193360460922,0.8593307733535767,0.7419695258140564,0.0,0.0,0.0002514756051823497,0.9057533740997314,0.8019098043441772,0.17775467038154602
51,2026-04-18 20:36:20,0.001,798.7239077091217,00:13:18,0.0003262831596657634,0.8333303332328796,0.6854655146598816,0.0,0.0,0.0005469760508276522,0.8649563789367676,0.7041235566139221,0.674239456653595
52,2026-04-18 20:49:38,0.001,798.3424775600433,00:13:18,0.00029620726127177477,0.8245458602905273,0.6709645390510559,0.0,0.0,0.0005093743093311787,0.8415809273719788,0.6728828549385071,0.6554900407791138
53,2026-04-18 21:02:56,0.001,798.324944972992,00:13:18,0.0002931744384113699,0.8241273164749146,0.6681656241416931,0.0,0.0,0.0005074472865089774,0.838013231754303,0.6655458807945251,0.651835560798645
54,2026-04-18 21:16:15,0.001,798.3139402866364,00:13:18,0.0002953858638647944,0.8228784799575806,0.665602445602417,0.0,0.0,0.0005105338641442358,0.8365328907966614,0.6621195673942566,0.6496464610099792
55,2026-04-18 21:29:33,0.001,798.1675357818604,00:13:18,0.0002953250368591398,0.8233953714370728,0.6637294888496399,0.0,0.0,0.0005106196040287614,0.8364624977111816,0.6593918800354004,0.6483326554298401
56,2026-04-18 21:42:51,0.001,798.300194978714,00:13:18,0.00029861173243261874,0.821843147277832,0.6614941954612732,0.0,0.0,0.0005115762469358742,0.8337844014167786,0.6548247933387756,0.64566969871521
57,2026-04-18 21:56:09,0.001,798.2416548728943,00:13:18,0.0002998689014930278,0.8199392557144165,0.659509003162384,0.0,0.0,0.0005100069101899862,0.8335917592048645,0.6538211703300476,0.6444576978683472
58,2026-04-18 22:09:28,0.001,798.246794462204,00:13:18,0.0003012915258295834,0.8193719983100891,0.6582626104354858,0.0,0.0,0.0005095338565297425,0.8331887125968933,0.6521376371383667,0.6434371471405029
59,2026-04-18 22:22:46,0.001,798.3887045383453,00:13:18,0.0003004155878443271,0.8181048035621643,0.6565605998039246,0.0,0.0,0.0005102141294628382,0.8316214084625244,0.6502110362052917,0.6419211030006409
60,2026-04-18 22:36:04,0.001,798.451226234436,00:13:18,0.00030522971064783633,0.8171352744102478,0.6548948884010315,0.0,0.0,0.0005111249629408121,0.8320670127868652,0.649017870426178,0.6410028338432312
61,2026-04-18 22:49:23,0.001,798.3612155914307,00:13:18,0.00030532071832567453,0.8164456486701965,0.654167115688324,0.0,0.0,0.0005101249553263187,0.8310976624488831,0.6470075845718384,0.6399312615394592
62,2026-04-18 23:02:41,0.001,798.3539593219757,00:13:18,0.0003009328793268651,0.8174474239349365,0.6544150710105896,0.0,0.0,0.0005101895658299327,0.8312294483184814,0.6461988091468811,0.6399189233779907
63,2026-04-18 23:15:59,0.001,798.2636137008667,00:13:18,0.00030578082078136504,0.8144811987876892,0.6522233486175537,0.0,0.0,0.0005120709538459778,0.8289520144462585,0.644402801990509,0.6379572749137878
64,2026-04-18 23:29:18,0.001,798.4081254005432,00:13:18,0.0003070149396080524,0.8145198822021484,0.6509866714477539,0.0,0.0,0.0005122037255205214,0.8289393186569214,0.6421608924865723,0.6369214653968811
65,2026-04-18 23:42:36,0.001,798.2462337017059,00:13:18,0.00030703883385285735,0.8136501312255859,0.6502865552902222,0.0,0.0,0.0005125789903104305,0.8287569284439087,0.6412227749824524,0.6362729072570801
66,2026-04-18 23:55:54,0.0005,798.1983258724213,00:13:18,0.000308853923343122,0.8126139044761658,0.6487767696380615,0.0,0.0,0.0005122378934174776,0.828706681728363,0.6400637626647949,0.635313093662262
67,2026-04-19 00:09:12,0.0005,798.1783792972565,00:13:18,0.0002603212487883866,0.8086737990379333,0.6452316641807556,0.0,0.0,0.0004616596270352602,0.8217507600784302,0.6239579916000366,0.6274867057800293
68,2026-04-19 00:22:31,0.0005,798.0613372325897,00:13:18,0.0002565458999015391,0.8119569420814514,0.6475886702537537,0.0,0.0,0.00045509845949709415,0.8246217370033264,0.6219215393066406,0.62847501039505
69,2026-04-19 00:35:49,0.0005,798.2475118637085,00:13:18,0.0002557826810516417,0.8114563822746277,0.6469168663024902,0.0,0.0,0.0004540785448625684,0.8250436186790466,0.6210464835166931,0.6279932260513306
70,2026-04-19 00:49:07,0.0005,798.2400181293488,00:13:18,0.00025312797515653074,0.8123342394828796,0.6473079919815063,0.0,0.0,0.000452101492555812,0.8259528279304504,0.6204066872596741,0.6281723976135254
71,2026-04-19 01:02:25,0.0005,798.0423464775085,00:13:18,0.0002504887233953923,0.8126612901687622,0.6475203037261963,0.0,0.0,0.0004517748602665961,0.8261455297470093,0.6206865310668945,0.628389835357666
72,2026-04-19 01:15:43,0.0005,798.274067401886,00:13:18,0.0002494848449714482,0.8125893473625183,0.6475620269775391,0.0,0.0,0.0004502680094446987,0.8265620470046997,0.6201498508453369,0.6282858848571777
73,2026-04-19 01:29:02,0.0005,798.123547077179,00:13:18,0.00024976686108857393,0.8121299147605896,0.6468672156333923,0.0,0.0,0.00044964696280658245,0.8271520733833313,0.6195959448814392,0.6279306411743164
74,2026-04-19 01:42:20,0.0005,798.2622759342194,00:13:18,0.00024806743022054434,0.8118554949760437,0.6465474367141724,0.0,0.0,0.000450030347565189,0.8265640139579773,0.6195125579833984,0.6276747584342957
75,2026-04-19 01:55:38,0.0005,798.3120386600494,00:13:18,0.00024878254043869674,0.8119646906852722,0.6461362838745117,0.0,0.0,0.0004484494565986097,0.8265995979309082,0.6197446584701538,0.6276406645774841
76,2026-04-19 02:08:57,0.0005,798.3883771896362,00:13:18,0.0002470589824952185,0.8123708367347717,0.6465804576873779,0.0,0.0,0.00044835705193690956,0.8268067836761475,0.6193002462387085,0.6277275085449219
77,2026-04-19 02:22:15,0.0005,798.1098501682281,00:13:18,0.00024832331109791994,0.8115857839584351,0.6460615992546082,0.0,0.0,0.00044925810652785003,0.8267017602920532,0.6188822388648987,0.6273191571235657
78,2026-04-19 02:35:32,0.0005,797.80757188797,00:13:17,0.0002497272798791528,0.8095906376838684,0.6451004147529602,0.0,0.0,0.0004497347690630704,0.8251903653144836,0.6183159947395325,0.6263408064842224
79,2026-04-19 02:48:50,0.0005,797.8492059707642,00:13:17,0.00024807185400277376,0.8107457160949707,0.6451215147972107,0.0,0.0,0.0004488237027544528,0.8258451223373413,0.6174386739730835,0.6263473629951477
80,2026-04-19 03:02:08,0.0005,797.9354720115662,00:13:17,0.0002506684686522931,0.8100144863128662,0.6441369652748108,0.0,0.0,0.0004507967096287757,0.8253419995307922,0.616633951663971,0.6256394386291504
81,2026-04-19 03:15:26,0.0005,798.0947711467743,00:13:18,0.0002490698534529656,0.8096389174461365,0.6436988711357117,0.0,0.0,0.0004506910336203873,0.825031042098999,0.6155074238777161,0.6250616312026978
82,2026-04-19 03:28:44,0.00025,797.8804652690887,00:13:17,0.00025000766618177295,0.8091132640838623,0.6437323093414307,0.0,0.0,0.0004511854494921863,0.8249766826629639,0.6160174012184143,0.6251416802406311
83,2026-04-19 03:42:02,0.00025,797.8752152919769,00:13:17,0.00022214517230167985,0.8061444759368896,0.6406826376914978,0.0,0.0,0.0004274396342225373,0.8221845030784607,0.605627715587616,0.6200909614562988
84,2026-04-19 03:55:20,0.00025,797.944700717926,00:13:17,0.000216666201595217,0.8098440766334534,0.6428945064544678,0.0,0.0,0.0004243337898515165,0.8242401480674744,0.6018936634063721,0.6204725503921509
85,2026-04-19 04:08:38,0.00025,797.8011445999146,00:13:17,0.00021557223226409405,0.8103909492492676,0.6436686515808105,0.0,0.0,0.00042390101589262486,0.8246961832046509,0.6015446782112122,0.6207456588745117
86,2026-04-19 04:21:56,0.00025,797.7888848781586,00:13:17,0.00021483984892256558,0.8102149963378906,0.6433591842651367,0.0,0.0,0.00042196412687189877,0.824923038482666,0.6003227233886719,0.6202865242958069
87,2026-04-19 04:35:14,0.00025,797.9830808639526,00:13:17,0.00021362409461289644,0.8112948536872864,0.6438644528388977,0.0,0.0,0.0004213377833366394,0.82602858543396,0.6003713607788086,0.6207738518714905
88,2026-04-19 04:48:32,0.00025,797.9671678543091,00:13:17,0.00021382712293416262,0.8111215829849243,0.64369797706604,0.0,0.0,0.0004208419704809785,0.8263752460479736,0.6002270579338074,0.6207060217857361
89,2026-04-19 05:01:50,0.00025,797.907247543335,00:13:17,0.0002130386419594288,0.8107579350471497,0.643385648727417,0.0,0.0,0.00042070713243447244,0.8264267444610596,0.5996806621551514,0.6203996539115906
90,2026-04-19 05:15:08,0.00025,798.0003588199615,00:13:18,0.0002147300256183371,0.8101890683174133,0.642768919467926,0.0,0.0,0.0004200472903903574,0.8260143399238586,0.59931880235672,0.6199602484703064
91,2026-04-19 05:28:25,0.00025,797.6427619457245,00:13:17,0.0002130721404682845,0.8106647729873657,0.643224835395813,0.0,0.0,0.0004197647504042834,0.8264230489730835,0.599870502948761,0.6203905940055847
92,2026-04-19 05:41:43,0.00025,797.7051603794098,00:13:17,0.00021327774447854608,0.8102166652679443,0.6430736184120178,0.0,0.0,0.0004203020653221756,0.8262183666229248,0.5996689200401306,0.6201890110969543
93,2026-04-19 05:55:01,0.00025,797.5313200950623,00:13:17,0.00021366889995988458,0.8107163906097412,0.6430602669715881,0.0,0.0,0.0004200698749627918,0.8267103433609009,0.5996010303497314,0.6203134059906006
94,2026-04-19 06:08:18,0.00025,797.6143620014191,00:13:17,0.00021206826204434037,0.8101865649223328,0.6426953673362732,0.0,0.0,0.0004194671637378633,0.8264772891998291,0.59914231300354,0.6199455261230469
95,2026-04-19 06:21:36,0.00025,797.5181307792664,00:13:17,0.00021267583360895514,0.8103176355361938,0.6425820589065552,0.0,0.0,0.0004195474029984325,0.8263847827911377,0.5990578532218933,0.6198942065238953
96,2026-04-19 06:34:53,0.00025,797.5074081420898,00:13:17,0.00021324970293790102,0.8096060156822205,0.642218291759491,0.0,0.0,0.0004203231947030872,0.8260459899902344,0.598406195640564,0.6194357872009277
97,2026-04-19 06:48:11,0.00025,797.4768719673157,00:13:17,0.00021178790484555066,0.8103715777397156,0.6427377462387085,0.0,0.0,0.00041982237598858774,0.826457679271698,0.5985274910926819,0.6197982430458069
98,2026-04-19 07:01:28,0.000125,797.5228276252747,00:13:17,0.00021073203242849559,0.8105936646461487,0.6425892114639282,0.0,0.0,0.0004189266182947904,0.826653003692627,0.5984152555465698,0.6197779178619385
99,2026-04-19 07:14:46,0.000125,797.3930006027222,00:13:17,0.00019550221622921526,0.8078474998474121,0.64032381772995,0.0,0.0,0.0004080546204932034,0.8247441649436951,0.5934885740280151,0.6168432235717773
100,2026-04-19 07:28:04,0.000125,798.1872656345367,00:13:18,0.00019428425002843142,0.8095951080322266,0.6411343216896057,0.0,0.0,0.0004073499876540154,0.8262549042701721,0.5896728038787842,0.6164242029190063
101,2026-04-19 07:41:22,0.000125,798.030083656311,00:13:18,0.00019324100867379457,0.8102927803993225,0.6420549154281616,0.0,0.0,0.00040623408858664334,0.8270314335823059,0.5883890986442566,0.6165300607681274
102,2026-04-19 07:54:40,0.000125,797.8636298179626,00:13:17,0.00019264256116002798,0.8104004263877869,0.6417984366416931,0.0,0.0,0.0004058944177813828,0.8270224332809448,0.587282657623291,0.6161338090896606
103,2026-04-19 08:07:58,0.000125,797.953515291214,00:13:17,0.00019171736494172364,0.8112245202064514,0.6423402428627014,0.0,0.0,0.0004053348966408521,0.82772296667099,0.5869477391242981,0.6164189577102661
104,2026-04-19 08:21:16,0.000125,797.7800848484039,00:13:17,0.00019175984198227525,0.8111497759819031,0.6421219110488892,0.0,0.0,0.0004055083554703742,0.827660322189331,0.5860509276390076,0.6160653233528137
105,2026-04-19 08:34:33,0.000125,797.6996772289276,00:13:17,0.00019157450878992677,0.8108497262001038,0.6419675350189209,0.0,0.0,0.00040488189551979303,0.8274112939834595,0.5859189033508301,0.6158949732780457
106,2026-04-19 08:47:51,0.000125,797.8899083137512,00:13:17,0.0001907221885630861,0.8112647533416748,0.6422193646430969,0.0,0.0,0.0004050091374665499,0.8277117609977722,0.5855152606964111,0.6159536838531494
107,2026-04-19 09:01:09,0.000125,798.1153419017792,00:13:18,0.00019077073375228792,0.8114375472068787,0.6422038078308105,0.0,0.0,0.0004046528192702681,0.8278822898864746,0.585394561290741,0.6159636974334717
108,2026-04-19 09:14:27,0.000125,797.8411705493927,00:13:17,0.00019090992282144725,0.8115226030349731,0.6423377394676208,0.0,0.0,0.00040471466490998864,0.827830970287323,0.5852944850921631,0.6159792542457581
109,2026-04-19 09:27:45,0.000125,798.0956449508667,00:13:18,0.00019158456416334957,0.8112590909004211,0.6423195600509644,0.0,0.0,0.00040459827869199216,0.8279030323028564,0.5851085782051086,0.6158909797668457
110,2026-04-19 09:41:03,0.000125,797.6616513729095,00:13:17,0.00018978117441292852,0.8112722039222717,0.6421352624893188,0.0,0.0,0.00040390968206338584,0.8279208540916443,0.5847763419151306,0.6157333254814148
111,2026-04-19 09:54:21,0.000125,797.5939781665802,00:13:17,0.00021043223387096077,0.8089932799339294,0.6401931643486023,0.0,0.0,0.00042365232366137207,0.8259357810020447,0.5855493545532227,0.8185501098632812
112,2026-04-19 10:07:38,0.000125,797.7722198963165,00:13:17,0.00021407625172287226,0.8060338497161865,0.6377456784248352,0.0,0.0,0.0004272890801075846,0.8232625722885132,0.5845205187797546,0.8160492181777954
113,2026-04-19 10:20:56,0.000125,797.700690984726,00:13:17,0.00021463909070007503,0.8045864105224609,0.6365503668785095,0.0,0.0,0.000429180363425985,0.8216107487678528,0.583203136920929,0.8144277930259705
114,2026-04-19 10:34:14,6.25e-05,797.5734956264496,00:13:17,0.00021654485317412764,0.8041766881942749,0.6360880136489868,0.0,0.0,0.000430759449955076,0.8211584091186523,0.5823754668235779,0.8137456774711609
115,2026-04-19 10:47:31,6.25e-05,797.7344260215759,00:13:17,0.0002071895869448781,0.8012099862098694,0.6338649988174438,0.0,0.0,0.00042535993270576,0.8187956213951111,0.579373836517334,0.8105616569519043
116,2026-04-19 11:00:49,6.25e-05,797.6290123462677,00:13:17,0.0002062518469756469,0.8017387986183167,0.6341267228126526,0.0,0.0,0.00042434115312062204,0.8193107843399048,0.5769205093383789,0.8098900318145752
117,2026-04-19 11:14:07,6.25e-05,797.6998040676117,00:13:17,0.00020667102944571525,0.8013352155685425,0.6337485313415527,0.0,0.0,0.0004240199050400406,0.8189007639884949,0.5746921300888062,0.8086845278739929
118,2026-04-19 11:27:24,6.25e-05,797.6874918937683,00:13:17,0.00020543178834486753,0.8021202683448792,0.6341574192047119,0.0,0.0,0.0004235066007822752,0.8195408582687378,0.5737985968589783,0.8087718486785889
119,2026-04-19 11:40:42,6.25e-05,797.7829496860504,00:13:17,0.0002058727404801175,0.8022898435592651,0.6346282958984375,0.0,0.0,0.0004237757239025086,0.8195379376411438,0.5727412700653076,0.8085721731185913
120,2026-04-19 11:54:00,6.25e-05,797.7920892238617,00:13:17,0.00020499927632045,0.8027172684669495,0.6349184513092041,0.0,0.0,0.00042327516712248325,0.8198339939117432,0.5721079111099243,0.8085775375366211
121,2026-04-19 12:07:18,6.25e-05,797.524740934372,00:13:17,0.0002057161182165146,0.8025962114334106,0.6347443461418152,0.0,0.0,0.00042355756158940494,0.8195133805274963,0.5711349844932556,0.8080321550369263
122,2026-04-19 12:20:35,6.25e-05,797.4377734661102,00:13:17,0.000205933625693433,0.8024231791496277,0.6347993016242981,0.0,0.0,0.00042368401773273945,0.8193839192390442,0.5705715417861938,0.8077691793441772
123,2026-04-19 12:33:52,6.25e-05,797.3779993057251,00:13:17,0.00020565891463775188,0.8022620677947998,0.6344760656356812,0.0,0.0,0.0004235267115291208,0.8189999461174011,0.5698695182800293,0.8072503209114075
124,2026-04-19 12:47:10,6.25e-05,797.2130999565125,00:13:17,0.0002062030544038862,0.8031328916549683,0.6351770162582397,0.0,0.0,0.00042357060010544956,0.8196150660514832,0.5695827603340149,0.807713508605957
125,2026-04-19 13:00:27,6.25e-05,797.4463293552399,00:13:17,0.00020597362890839577,0.8024246692657471,0.6346403956413269,0.0,0.0,0.0004235820670146495,0.8189906477928162,0.5690004825592041,0.8069987893104553
126,2026-04-19 13:13:45,6.25e-05,797.6422669887543,00:13:17,0.00020639540161937475,0.802628219127655,0.6347858309745789,0.0,0.0,0.0004236180684529245,0.8190451860427856,0.5687171220779419,0.8069969415664673
127,2026-04-19 13:27:03,6.25e-05,797.9441049098969,00:13:17,0.00020574155496433377,0.8024241924285889,0.6345435380935669,0.0,0.0,0.00042394825140945613,0.8186981678009033,0.5682952404022217,0.8066184520721436
128,2026-04-19 13:40:21,6.25e-05,798.0386111736298,00:13:18,0.00020502202096395195,0.8027582168579102,0.6351235508918762,0.0,0.0,0.00042365529225207865,0.8188819289207458,0.5682074427604675,0.8069175481796265
129,2026-04-19 13:53:39,6.25e-05,798.1092729568481,00:13:18,0.00020550152112264186,0.8024801015853882,0.6349980235099792,0.0,0.0,0.0004238634428475052,0.8184964656829834,0.5678368806838989,0.8065886497497559
130,2026-04-19 14:06:57,3.125e-05,797.9785008430481,00:13:17,0.00020561191195156425,0.8027872443199158,0.6349915862083435,0.0,0.0,0.0004240088746882975,0.8185235261917114,0.567680299282074,0.8065901398658752
131,2026-04-19 14:20:15,3.125e-05,797.6981205940247,00:13:17,0.00020159172709099948,0.8015804290771484,0.6338317394256592,0.0,0.0,0.00042135437251999974,0.8176079392433167,0.5662747025489807,0.8051257729530334
132,2026-04-19 14:33:32,3.125e-05,797.8310043811798,00:13:17,0.00020016793860122561,0.8014603853225708,0.6337085366249084,0.0,0.0,0.000420617958297953,0.8176564574241638,0.5652446150779724,0.8046461343765259
133,2026-04-19 14:46:50,3.125e-05,797.7862854003906,00:13:17,0.00020034433691762388,0.8015444874763489,0.6336861252784729,0.0,0.0,0.0004204782599117607,0.8177468776702881,0.5642459988594055,0.8042734265327454
134,2026-04-19 15:00:08,3.125e-05,798.0320641994476,00:13:18,0.0001999519590754062,0.8016467094421387,0.6338430643081665,0.0,0.0,0.0004200368421152234,0.8178339004516602,0.5636642575263977,0.8041396737098694
135,2026-04-19 15:13:26,3.125e-05,797.6185483932495,00:13:17,0.00019939344201702625,0.8017742037773132,0.6337661743164062,0.0,0.0,0.00041970546590164304,0.8180124163627625,0.5629658102989197,0.8038888573646545
136,2026-04-19 15:26:44,3.125e-05,797.7087924480438,00:13:17,0.000199523608898744,0.8022644519805908,0.6343538165092468,0.0,0.0,0.00041990517638623714,0.818406879901886,0.5626125931739807,0.8041613101959229
137,2026-04-19 15:40:01,3.125e-05,797.7113609313965,00:13:17,0.00019934761803597212,0.8021695017814636,0.6340492367744446,0.0,0.0,0.0004193814529571682,0.8183321952819824,0.5617684721946716,0.803665280342102
138,2026-04-19 15:53:19,3.125e-05,797.7231209278107,00:13:17,0.0001990855671465397,0.8023524284362793,0.6344136595726013,0.0,0.0,0.0004192524356767535,0.8183616995811462,0.5614935755729675,0.803741991519928
139,2026-04-19 16:06:37,3.125e-05,797.6256248950958,00:13:17,0.0001986469142138958,0.8026899099349976,0.6346510648727417,0.0,0.0,0.0004190990293864161,0.818669319152832,0.5609862208366394,0.8037621974945068
140,2026-04-19 16:19:54,3.125e-05,797.5233972072601,00:13:17,0.00019883931963704526,0.802263081073761,0.6343187093734741,0.0,0.0,0.0004189693136140704,0.8183391094207764,0.5605484247207642,0.8033029437065125
141,2026-04-19 16:33:12,3.125e-05,797.5090589523315,00:13:17,0.00019939093908760697,0.8027758598327637,0.6349130868911743,0.0,0.0,0.0004191013867966831,0.818658173084259,0.5605029463768005,0.8036907911300659
142,2026-04-19 16:46:29,3.125e-05,797.4169280529022,00:13:17,0.00019912718562409282,0.802889347076416,0.6347847580909729,0.0,0.0,0.00041917359340004623,0.8187952637672424,0.5599292516708374,0.8034588098526001
143,2026-04-19 16:59:47,3.125e-05,797.4720332622528,00:13:17,0.0001988519070437178,0.8029143810272217,0.6346462368965149,0.0,0.0,0.000418810173869133,0.8187763690948486,0.5595849752426147,0.8032657504081726
144,2026-04-19 17:13:04,3.125e-05,797.4368197917938,00:13:17,0.00019904492364730686,0.8026144504547119,0.6346158981323242,0.0,0.0,0.0004187902086414397,0.8185595273971558,0.559324324131012,0.8030464053153992
145,2026-04-19 17:26:22,3.125e-05,797.6481719017029,00:13:17,0.00019881418847944587,0.802975594997406,0.6350067257881165,0.0,0.0,0.0004186886071693152,0.8187874555587769,0.5593059062957764,0.8033135533332825
146,2026-04-19 17:39:39,1.5625e-05,797.5180771350861,00:13:17,0.0001987403375096619,0.8027396202087402,0.634761393070221,0.0,0.0,0.0004186526348348707,0.8185318112373352,0.5588488578796387,0.802932858467102
147,2026-04-19 17:52:57,1.5625e-05,797.4814200401306,00:13:17,0.00019691840861923993,0.8021985292434692,0.6342362761497498,0.0,0.0,0.00041719648288562894,0.8181514143943787,0.558116614818573,0.8022390604019165
148,2026-04-19 18:06:14,1.5625e-05,797.5310006141663,00:13:17,0.00019608890579547733,0.8022892475128174,0.6342037320137024,0.0,0.0,0.0004170889442320913,0.8182798027992249,0.5578567981719971,0.8021640777587891
149,2026-04-19 18:19:32,1.5625e-05,797.5582890510559,00:13:17,0.0001959129294846207,0.8023720383644104,0.6343613266944885,0.0,0.0,0.0004170282045379281,0.8184133768081665,0.5572560429573059,0.8020312190055847
150,2026-04-19 18:32:49,1.5625e-05,797.4202649593353,00:13:17,0.00019564255489967763,0.8024681806564331,0.6342270970344543,0.0,0.0,0.00041684118332341313,0.8184752464294434,0.557031512260437,0.8019165992736816
